sample	unit	library	flowcell	platform	lane	sample_id	barcode	fq1	fq2	kb1	kb2
T144804	1	ch1	HY3LHDSX7	ILLUMINA	2	T144804	AAAGCTAA+CTACGACA	fastq_run2/fastq/T144804_T1512_5F_S65_L002_R1_001.fastq.gz	fastq_run2/fastq/T144804_T1512_5F_S65_L002_R2_001.fastq.gz	1900000	2000000
T144805	1	ch1	HY3LHDSX7	ILLUMINA	2	T144805	ACTTCTGC+CCGGGACT	fastq_run2/fastq/T144805_T1512_5G_S68_L002_R1_001.fastq.gz	fastq_run2/fastq/T144805_T1512_5G_S68_L002_R2_001.fastq.gz	1500000	1700000
T144879	1	ch1	HY3LHDSX7	ILLUMINA	2	T144879	GCAGAGCC+GATTACTA	fastq_run2/fastq/T144879_T1513_3A_S66_L002_R1_001.fastq.gz	fastq_run2/fastq/T144879_T1513_3A_S66_L002_R2_001.fastq.gz	1900000	2100000
T144893	1	ch1	HY3LHDSX7	ILLUMINA	2	T144893	TTAAGCAG+GTCCAGGA	fastq_run2/fastq/T144893_T1513_4G_S69_L002_R1_001.fastq.gz	fastq_run2/fastq/T144893_T1513_4G_S69_L002_R2_001.fastq.gz	1012000	1100000
T144959	1	ch1	HY3LHDSX7	ILLUMINA	2	T144959	ATCAAATC+TCATGTAG	fastq_run2/fastq/T144959_T1514_1A_S70_L002_R1_001.fastq.gz	fastq_run2/fastq/T144959_T1514_1A_S70_L002_R2_001.fastq.gz	1700000	1800000
T144960	1	ch1	HY3LHDSX7	ILLUMINA	2	T144960	TTTGAGTC+CTATCCGG	fastq_run2/fastq/T144960_T1514_1B_S71_L002_R1_001.fastq.gz	fastq_run2/fastq/T144960_T1514_1B_S71_L002_R2_001.fastq.gz	1800000	2000000
T145057	1	ch1	HY3LHDSX7	ILLUMINA	2	T145057	AAATCCTC+GGCGGGTT	fastq_run2/fastq/T145057_T1515_1C_S72_L002_R1_001.fastq.gz	fastq_run2/fastq/T145057_T1515_1C_S72_L002_R2_001.fastq.gz	1300000	1400000
T145058	1	ch1	HY3LHDSX7	ILLUMINA	2	T145058	TACAGATG+CACGTTCG	fastq_run2/fastq/T145058_T1515_1D_S73_L002_R1_001.fastq.gz	fastq_run2/fastq/T145058_T1515_1D_S73_L002_R2_001.fastq.gz	2000000	2000000
T145082	1	ch1	HY3LHDSX7	ILLUMINA	2	T145082	TAAGCGCA+TTCTACGG	fastq_run2/fastq/T145082_T1515_4D_S74_L002_R1_001.fastq.gz	fastq_run2/fastq/T145082_T1515_4D_S74_L002_R2_001.fastq.gz	2600000	2600000
T145084	1	ch1	HY3LHDSX7	ILLUMINA	2	T145084	CAACGGAA+AGTAGATG	fastq_run2/fastq/T145084_T1515_4F_S75_L002_R1_001.fastq.gz	fastq_run2/fastq/T145084_T1515_4F_S75_L002_R2_001.fastq.gz	2100000	2200000
T145139	1	ch1	HY3LHDSX7	ILLUMINA	2	T145139	TCGACCTA+TACAACGT	fastq_run2/fastq/T145139_T1515_11E_S67_L002_R1_001.fastq.gz	fastq_run2/fastq/T145139_T1515_11E_S67_L002_R2_001.fastq.gz	1600000	1700000
T145140	1	ch1	HY3LHDSX7	ILLUMINA	2	T145140	CTATCGAA+ATCATAGT	fastq_run2/fastq/T145140_T1515_11F_S78_L002_R1_001.fastq.gz	fastq_run2/fastq/T145140_T1515_11F_S78_L002_R2_001.fastq.gz	1300000	1400000
T145151	1	ch1	HY3LHDSX7	ILLUMINA	2	T145151	TCACTAAC+AGATAGGG	fastq_run2/fastq/T145151_T1516_1A_S79_L002_R1_001.fastq.gz	fastq_run2/fastq/T145151_T1516_1A_S79_L002_R2_001.fastq.gz	1300000	1400000
T145152	1	ch1	HY3LHDSX7	ILLUMINA	2	T145152	TCGATAAG+GGACAACG	fastq_run2/fastq/T145152_T1516_1B_S80_L002_R1_001.fastq.gz	fastq_run2/fastq/T145152_T1516_1B_S80_L002_R2_001.fastq.gz	1500000	1500000
T148361	1	ch1	HY3LHDSX7	ILLUMINA	2	T148361	CTTTATTC+CCGTTCCA	fastq_run2/fastq/T148361_T1549_6C_S81_L002_R1_001.fastq.gz	fastq_run2/fastq/T148361_T1549_6C_S81_L002_R2_001.fastq.gz	1800000	1900000
T148367	1	ch1	HY3LHDSX7	ILLUMINA	2	T148367	CTGCCTTC+CCGAAGGG	fastq_run2/fastq/T148367_T1549_7A_S82_L002_R1_001.fastq.gz	fastq_run2/fastq/T148367_T1549_7A_S82_L002_R2_001.fastq.gz	1900000	2000000
T145124	1	ch1	HY3LHDSX7	ILLUMINA	2	T145124	GAGGACAG+GATTCGGC	fastq_run2/fastq/T145124_T1515_9F_S77_L002_R1_001.fastq.gz	fastq_run2/fastq/T145124_T1515_9F_S77_L002_R2_001.fastq.gz	1600000	1700000
T145115	1	ch1	HY3LHDSX7	ILLUMINA	2	T145115	AGCCTGGA+AGCAGACT	fastq_run2/fastq/T145115_T1515_8E_S76_L002_R1_001.fastq.gz	fastq_run2/fastq/T145115_T1515_8E_S76_L002_R2_001.fastq.gz	2000000	2100000
T071897	1	ch1	HY3LHDSX7	ILLUMINA	1	T071897	GTCCTTGA+TCAGACGA	fastq_run2/fastq/T071897_T752_8C_S47_L001_R1_001.fastq.gz	fastq_run2/fastq/T071897_T752_8C_S47_L001_R2_001.fastq.gz	2100000	2200000
T071898	1	ch1	HY3LHDSX7	ILLUMINA	1	T071898	CAGTGCTT+ACCTGGAA	fastq_run2/fastq/T071898_T752_8D_S48_L001_R1_001.fastq.gz	fastq_run2/fastq/T071898_T752_8D_S48_L001_R2_001.fastq.gz	3900000	4000000
T071899	1	ch1	HY3LHDSX7	ILLUMINA	1	T071899	GCAATTCC+TGTTCGAG	fastq_run2/fastq/T071899_T752_8E_S25_L001_R1_001.fastq.gz	fastq_run2/fastq/T071899_T752_8E_S25_L001_R2_001.fastq.gz	1500000	1600000
T071900	1	ch1	HY3LHDSX7	ILLUMINA	1	T071900	GTACCACA+TGTTGTGG	fastq_run2/fastq/T071900_T752_8F_S45_L001_R1_001.fastq.gz	fastq_run2/fastq/T071900_T752_8F_S45_L001_R2_001.fastq.gz	2200000	2300000
T071901	1	ch1	HY3LHDSX7	ILLUMINA	1	T071901	CTCAGAAG+AACTTGCC	fastq_run2/fastq/T071901_T752_8G_S26_L001_R1_001.fastq.gz	fastq_run2/fastq/T071901_T752_8G_S26_L001_R2_001.fastq.gz	2100000	2200000
T071907	1	ch1	HY3LHDSX7	ILLUMINA	1	T071907	ATAACGCC+TGAACCTG	fastq_run2/fastq/T071907_T752_9E_S49_L001_R1_001.fastq.gz	fastq_run2/fastq/T071907_T752_9E_S49_L001_R2_001.fastq.gz	3500000	3500000
T071909	1	ch1	HY3LHDSX7	ILLUMINA	1	T071909	CGAGAGAA+TCTCTTCC	fastq_run2/fastq/T071909_T752_9G_S55_L001_R1_001.fastq.gz	fastq_run2/fastq/T071909_T752_9G_S55_L001_R2_001.fastq.gz	3000000	3000000
T071970	1	ch1	HY3LHDSX7	ILLUMINA	1	T071970	GGACATCA+TGCAGGTA	fastq_run2/fastq/T071970_T753_5D_S5_L001_R1_001.fastq.gz	fastq_run2/fastq/T071970_T753_5D_S5_L001_R2_001.fastq.gz	844000	910000
T071971	1	ch1	HY3LHDSX7	ILLUMINA	1	T071971	GGTGTACA+TAGCGTCT	fastq_run2/fastq/T071971_T753_5E_S6_L001_R1_001.fastq.gz	fastq_run2/fastq/T071971_T753_5E_S6_L001_R2_001.fastq.gz	1500000	1600000
T071972	1	ch1	HY3LHDSX7	ILLUMINA	1	T071972	GATAGCCA+CTGTGTTG	fastq_run2/fastq/T071972_T753_5F_S7_L001_R1_001.fastq.gz	fastq_run2/fastq/T071972_T753_5F_S7_L001_R2_001.fastq.gz	1500000	1600000
T071973	1	ch1	HY3LHDSX7	ILLUMINA	1	T071973	TCATCTCC+CTAGCAAG	fastq_run2/fastq/T071973_T753_5G_S17_L001_R1_001.fastq.gz	fastq_run2/fastq/T071973_T753_5G_S17_L001_R2_001.fastq.gz	2600000	2600000
T071974	1	ch1	HY3LHDSX7	ILLUMINA	1	T071974	CCACAACA+TGTGGTAC	fastq_run2/fastq/T071974_T753_5H_S8_L001_R1_001.fastq.gz	fastq_run2/fastq/T071974_T753_5H_S8_L001_R2_001.fastq.gz	1800000	1900000
T071980	1	ch1	HY3LHDSX7	ILLUMINA	1	T071980	GTCAGTCA+TAATGCCG	fastq_run2/fastq/T071980_T753_6F_S38_L001_R1_001.fastq.gz	fastq_run2/fastq/T071980_T753_6F_S38_L001_R2_001.fastq.gz	1500000	1600000
T071981	1	ch1	HY3LHDSX7	ILLUMINA	1	T071981	CCTTCCAT+ATTGCGTG	fastq_run2/fastq/T071981_T753_6G_S39_L001_R1_001.fastq.gz	fastq_run2/fastq/T071981_T753_6G_S39_L001_R2_001.fastq.gz	2200000	2300000
T071982	1	ch1	HY3LHDSX7	ILLUMINA	1	T071982	GAACGAAG+GGTGATTC	fastq_run2/fastq/T071982_T753_6H_S18_L001_R1_001.fastq.gz	fastq_run2/fastq/T071982_T753_6H_S18_L001_R2_001.fastq.gz	3000000	3000000
T116433	1	ch1	HY3LHDSX7	ILLUMINA	1	T116433	CGAATTGC+CACCTTAC	fastq_run2/fastq/T116433_T1216_11C_S19_L001_R1_001.fastq.gz	fastq_run2/fastq/T116433_T1216_11C_S19_L001_R2_001.fastq.gz	2400000	2400000
T116434	1	ch1	HY3LHDSX7	ILLUMINA	1	T116434	CGAATACG+GTCGGTAA	fastq_run2/fastq/T116434_T1216_11D_S46_L001_R1_001.fastq.gz	fastq_run2/fastq/T116434_T1216_11D_S46_L001_R2_001.fastq.gz	1800000	1900000
T127131	1	ch1	HY3LHDSX7	ILLUMINA	1	T127131	GGAAGAGA+TTCTCTCG	fastq_run2/fastq/T127131_T1328_4E_S20_L001_R1_001.fastq.gz	fastq_run2/fastq/T127131_T1328_4E_S20_L001_R2_001.fastq.gz	2700000	2700000
T186145	1	ch1	HY3LHDSX7	ILLUMINA	1	T186145	AGGAACAC+GACATTCC	fastq_run2/fastq/T186145_T1943_1C_S40_L001_R1_001.fastq.gz	fastq_run2/fastq/T186145_T1943_1C_S40_L001_R2_001.fastq.gz	1500000	1600000
T186146	1	ch1	HY3LHDSX7	ILLUMINA	1	T186146	CTTACAGC+CTTCACCA	fastq_run2/fastq/T186146_T1943_1D_S41_L001_R1_001.fastq.gz	fastq_run2/fastq/T186146_T1943_1D_S41_L001_R2_001.fastq.gz	1600000	1700000
T186147	1	ch1	HY3LHDSX7	ILLUMINA	1	T186147	CGTATCTC+GTACCTTG	fastq_run2/fastq/T186147_T1943_1E_S59_L001_R1_001.fastq.gz	fastq_run2/fastq/T186147_T1943_1E_S59_L001_R2_001.fastq.gz	2100000	2200000
T186166	1	ch1	HY3LHDSX7	ILLUMINA	1	T186166	GTCCTAAG+TGGTAGCT	fastq_run2/fastq/T186166_T1943_3H_S27_L001_R1_001.fastq.gz	fastq_run2/fastq/T186166_T1943_3H_S27_L001_R2_001.fastq.gz	2200000	2300000
T186177	1	ch1	HY3LHDSX7	ILLUMINA	1	T186177	GCGTTAGA+GTATGCTG	fastq_run2/fastq/T186177_T1943_5C_S28_L001_R1_001.fastq.gz	fastq_run2/fastq/T186177_T1943_5C_S28_L001_R2_001.fastq.gz	1900000	2000000
T186178	1	ch1	HY3LHDSX7	ILLUMINA	1	T186178	GTAAGGTG+GCAATTCG	fastq_run2/fastq/T186178_T1943_5D_S54_L001_R1_001.fastq.gz	fastq_run2/fastq/T186178_T1943_5D_S54_L001_R2_001.fastq.gz	2500000	2600000
T071841	1	ch1	HY3LHDSX7	ILLUMINA	2	T071841	GCTCAATA+CATTTATC	fastq_run2/fastq/T071841_T752_1C_S63_L002_R1_001.fastq.gz	fastq_run2/fastq/T071841_T752_1C_S63_L002_R2_001.fastq.gz	2000000	2100000
T071842	1	ch1	HY3LHDSX7	ILLUMINA	2	T071842	GTAGTTCG+CTTGATGC	fastq_run2/fastq/T071842_T752_1D_S64_L002_R1_001.fastq.gz	fastq_run2/fastq/T071842_T752_1D_S64_L002_R2_001.fastq.gz	1700000	1700000
T071845	1	ch1	HY3LHDSX7	ILLUMINA	2	T071845	TATATGGA+CTTGGCAG	fastq_run2/fastq/T071845_T752_1G_S62_L002_R1_001.fastq.gz	fastq_run2/fastq/T071845_T752_1G_S62_L002_R2_001.fastq.gz	1900000	2000000
T071905	1	ch1	HY3LHDSX7	ILLUMINA	2	T071905	ATTACCCA+CTACAGTG	fastq_run2/fastq/T071905_T752_9C_S50_L002_R1_001.fastq.gz	fastq_run2/fastq/T071905_T752_9C_S50_L002_R2_001.fastq.gz	3100000	3200000
T071908	1	ch1	HY3LHDSX7	ILLUMINA	2	T071908	GACTTGTG+TCGTGCAC	fastq_run2/fastq/T071908_T752_9F_S51_L002_R1_001.fastq.gz	fastq_run2/fastq/T071908_T752_9F_S51_L002_R2_001.fastq.gz	2800000	2800000
T127135	1	ch1	HY3LHDSX7	ILLUMINA	2	T127135	TGTGTCAG+TACAGGTG	fastq_run2/fastq/T127135_T1328_5A_S58_L002_R1_001.fastq.gz	fastq_run2/fastq/T127135_T1328_5A_S58_L002_R2_001.fastq.gz	1500000	1600000
T127136	1	ch1	HY3LHDSX7	ILLUMINA	2	T127136	TATTTACC+GACGTGAG	fastq_run2/fastq/T127136_T1328_5B_S61_L002_R1_001.fastq.gz	fastq_run2/fastq/T127136_T1328_5B_S61_L002_R2_001.fastq.gz	1700000	1800000
T148327	1	ch1	HY3LHDSX7	ILLUMINA	2	T148327	GTCAGTCA+TGACTGAC	fastq_run2/fastq/T148327_T1549_2A_S89_L002_R1_001.fastq.gz	fastq_run2/fastq/T148327_T1549_2A_S89_L002_R2_001.fastq.gz 	2700000	2800000
T148326	1	ch1	HY3LHDSX7	ILLUMINA	2	T148326	AACCAGAG+CTCTGGTT	fastq_run2/fastq/T148326_T1549_1H_S88_L002_R1_001.fastq.gz	fastq_run2/fastq/T148326_T1549_1H_S88_L002_R2_001.fastq.gz	2000000	2000000